Tema;Keyword;Categoria;Ancora 1;URL do Link 1;Dofollow_link_1;Ancora 2;URL do Link 2;Dofollow_link_2;Ancora 3;URL do Link 3;Dofollow_link_3;Imagem;Insere Imagem no Post;Link Interno;Programacao de Postagem;Dominio;Gdrive;Video
Como comprar backlink?;comprar backlink;Conteudo de Parceiros;comprar backlinks;https://seosemmitos.com.br/;Sim;;;;;;;https://drive.google.com/drive/u/1/folders/139pvU1RLMNpT72rH_a6darpz4YKMADjD;Sim;Não;-3;www.mundoblogger.com.br;https://drive.google.com/drive/u/1/folders/1NU6_6vp2QSQg_-EYiuiJ3wxXKQwLZLaZ;Sim
Quanto custa um backlink?;quanto custa um backlink;Conteudo de Parceiros;comprar backlinks;https://seosemmitos.com.br/;Sim;;;;;;;https://drive.google.com/drive/u/1/folders/139pvU1RLMNpT72rH_a6darpz4YKMADjD;Sim;Não;-3;https://codigosblog.com.br/;https://drive.google.com/drive/u/1/folders/1NU6_6vp2QSQg_-EYiuiJ3wxXKQwLZLaZ;Sim
Por que comprar backlinks?;comprar backlinks;Conteudo de Parceiros;comprar backlinks;https://seosemmitos.com.br/;Sim;;;;;;;https://drive.google.com/drive/u/1/folders/139pvU1RLMNpT72rH_a6darpz4YKMADjD;Sim;Não;-3;https://afiliados-na-web.com/;https://drive.google.com/drive/u/1/folders/1NU6_6vp2QSQg_-EYiuiJ3wxXKQwLZLaZ;Sim
Como conseguir backlinks de graça?;conseguir backlinks;Conteudo de Parceiros;comprar backlinks;https://seosemmitos.com.br/;Sim;;;;;;;https://drive.google.com/drive/u/1/folders/139pvU1RLMNpT72rH_a6darpz4YKMADjD;Sim;Não;-3;https://enderecofiscal.tk/;https://drive.google.com/drive/u/1/folders/1NU6_6vp2QSQg_-EYiuiJ3wxXKQwLZLaZ;Sim
O que é backlinks no site?;o que é backlinks;Conteudo de Parceiros;comprar backlinks;https://seosemmitos.com.br/;Sim;;;;;;;https://drive.google.com/drive/u/1/folders/139pvU1RLMNpT72rH_a6darpz4YKMADjD;Sim;Não;-2;https://enderecofiscalrp.tk/;https://drive.google.com/drive/u/1/folders/1NU6_6vp2QSQg_-EYiuiJ3wxXKQwLZLaZ;Sim
Qual o melhor site para fazer links?;melhor site para fazer links;Conteudo de Parceiros;comprar backlinks;https://seosemmitos.com.br/;Sim;;;;;;;https://drive.google.com/drive/u/1/folders/139pvU1RLMNpT72rH_a6darpz4YKMADjD;Sim;Não;-2;https://thalitabarone.com.br/;https://drive.google.com/drive/u/1/folders/1NU6_6vp2QSQg_-EYiuiJ3wxXKQwLZLaZ;Sim
Quanto custa um projeto de SEO?;projeto de seo;Conteudo de Parceiros;comprar backlinks;https://seosemmitos.com.br/;Sim;;;;;;;https://drive.google.com/drive/u/1/folders/139pvU1RLMNpT72rH_a6darpz4YKMADjD;Sim;Não;-2;https://ondefica.dicasblogger.com.br/;https://drive.google.com/drive/u/1/folders/1NU6_6vp2QSQg_-EYiuiJ3wxXKQwLZLaZ;Sim
Quanto cobrar por um projeto de SEO?;projeto de seo;Conteudo de Parceiros;comprar backlinks;https://seosemmitos.com.br/;Sim;;;;;;;https://drive.google.com/drive/u/1/folders/139pvU1RLMNpT72rH_a6darpz4YKMADjD;Sim;Não;-2;https://aesweb.com.br/;https://drive.google.com/drive/u/1/folders/1NU6_6vp2QSQg_-EYiuiJ3wxXKQwLZLaZ;Sim
Como funcionam os backlinks?;backlinks;Conteudo de Parceiros;comprar backlinks;https://seosemmitos.com.br/;Sim;;;;;;;https://drive.google.com/drive/u/1/folders/139pvU1RLMNpT72rH_a6darpz4YKMADjD;Sim;Não;-1;https://aromazze.com.br/;https://drive.google.com/drive/u/1/folders/1NU6_6vp2QSQg_-EYiuiJ3wxXKQwLZLaZ;Sim
Como identificar backlinks?;backlinks;Conteudo de Parceiros;comprar backlinks;https://seosemmitos.com.br/;Sim;;;;;;;https://drive.google.com/drive/u/1/folders/139pvU1RLMNpT72rH_a6darpz4YKMADjD;Sim;Não;-1;https://criacaodesitesmk.com.br/;https://drive.google.com/drive/u/1/folders/1NU6_6vp2QSQg_-EYiuiJ3wxXKQwLZLaZ;Sim
Quantos backlinks?;backlinks;Conteudo de Parceiros;comprar backlinks;https://seosemmitos.com.br/;Sim;;;;;;;https://drive.google.com/drive/u/1/folders/139pvU1RLMNpT72rH_a6darpz4YKMADjD;Sim;Não;-1;https://ggrf.com.br/;https://drive.google.com/drive/u/1/folders/1NU6_6vp2QSQg_-EYiuiJ3wxXKQwLZLaZ;Sim
Qual a diferença do link para o site?;diferença do link;Conteudo de Parceiros;comprar backlinks;https://seosemmitos.com.br/;Sim;;;;;;;https://drive.google.com/drive/u/1/folders/139pvU1RLMNpT72rH_a6darpz4YKMADjD;Sim;Não;-1;https://huffpost.com.br/;https://drive.google.com/drive/u/1/folders/1NU6_6vp2QSQg_-EYiuiJ3wxXKQwLZLaZ;Sim
O que colocar no SEO do site?;seo do site;Conteudo de Parceiros;comprar backlinks;https://seosemmitos.com.br/;Sim;;;;;;;https://drive.google.com/drive/u/1/folders/139pvU1RLMNpT72rH_a6darpz4YKMADjD;Sim;Não;;https://jlins.com.br/;https://drive.google.com/drive/u/1/folders/1NU6_6vp2QSQg_-EYiuiJ3wxXKQwLZLaZ;Sim
Como melhorar backlinks?;melhorar backlinks;Conteudo de Parceiros;comprar backlinks;https://seosemmitos.com.br/;Sim;;;;;;;https://drive.google.com/drive/u/1/folders/139pvU1RLMNpT72rH_a6darpz4YKMADjD;Sim;Não;;https://nyxcomunicacoes.com.br/;https://drive.google.com/drive/u/1/folders/1NU6_6vp2QSQg_-EYiuiJ3wxXKQwLZLaZ;Sim
Como fazer um link building?;link building;Conteudo de Parceiros;comprar backlinks;https://seosemmitos.com.br/;Sim;;;;;;;https://drive.google.com/drive/u/1/folders/139pvU1RLMNpT72rH_a6darpz4YKMADjD;Sim;Não;;https://pernambucopapeis.com.br/;https://drive.google.com/drive/u/1/folders/1NU6_6vp2QSQg_-EYiuiJ3wxXKQwLZLaZ;Sim
Onde criar links?;criar links;Conteudo de Parceiros;comprar backlinks;https://seosemmitos.com.br/;Sim;;;;;;;https://drive.google.com/drive/u/1/folders/139pvU1RLMNpT72rH_a6darpz4YKMADjD;Sim;Não;;https://radvid19.com.br/;https://drive.google.com/drive/u/1/folders/1NU6_6vp2QSQg_-EYiuiJ3wxXKQwLZLaZ;Sim
Qual melhor Linktree ou link Bio?;linktree;Conteudo de Parceiros;comprar backlinks;https://seosemmitos.com.br/;Sim;;;;;;;https://drive.google.com/drive/u/1/folders/139pvU1RLMNpT72rH_a6darpz4YKMADjD;Sim;Não;1;https://trendszone.com.br/;https://drive.google.com/drive/u/1/folders/1NU6_6vp2QSQg_-EYiuiJ3wxXKQwLZLaZ;Sim
Quanto cobrar por freela de SEO?;freela de seo;Conteudo de Parceiros;comprar backlinks;https://seosemmitos.com.br/;Sim;;;;;;;https://drive.google.com/drive/u/1/folders/139pvU1RLMNpT72rH_a6darpz4YKMADjD;Sim;Não;1;https://usevitae.com.br/;https://drive.google.com/drive/u/1/folders/1NU6_6vp2QSQg_-EYiuiJ3wxXKQwLZLaZ;Sim
Quanto custa um SEO do Google?;seo do google;Conteudo de Parceiros;comprar backlinks brasileiros;https://seosemmitos.com.br/;Sim;;;;;;;https://drive.google.com/drive/u/1/folders/139pvU1RLMNpT72rH_a6darpz4YKMADjD;Sim;Não;1;https://vaidetenis.com.br/;https://drive.google.com/drive/u/1/folders/1NU6_6vp2QSQg_-EYiuiJ3wxXKQwLZLaZ;Sim
Quanto tempo para aprender SEO?;aprender seo;Conteudo de Parceiros;comprar backlinks brasileiros;https://seosemmitos.com.br/;Sim;;;;;;;https://drive.google.com/drive/u/1/folders/139pvU1RLMNpT72rH_a6darpz4YKMADjD;Sim;Não;2;https://vereadornatalini.com.br/;https://drive.google.com/drive/u/1/folders/1NU6_6vp2QSQg_-EYiuiJ3wxXKQwLZLaZ;Sim
Quanto custa uma agência de tráfego pago?;agência de tráfego pago;Conteudo de Parceiros;comprar backlinks brasileiros;https://seosemmitos.com.br/;Sim;;;;;;;https://drive.google.com/drive/u/1/folders/139pvU1RLMNpT72rH_a6darpz4YKMADjD;Sim;Não;2;https://xinguofilme.com.br/;https://drive.google.com/drive/u/1/folders/1NU6_6vp2QSQg_-EYiuiJ3wxXKQwLZLaZ;Sim
Quanto ganha um SEO de marketing digital?;seo de marketing digital;Conteudo de Parceiros;comprar backlinks brasileiros;https://seosemmitos.com.br/;Sim;;;;;;;https://drive.google.com/drive/u/1/folders/139pvU1RLMNpT72rH_a6darpz4YKMADjD;Sim;Não;2;https://aaanapolina.com.br/;https://drive.google.com/drive/u/1/folders/1NU6_6vp2QSQg_-EYiuiJ3wxXKQwLZLaZ;Sim
Quanto uma pessoa cobra para fazer site?;fazer site;Conteudo de Parceiros;comprar backlinks brasileiros;https://seosemmitos.com.br/;Sim;;;;;;;https://drive.google.com/drive/u/1/folders/139pvU1RLMNpT72rH_a6darpz4YKMADjD;Sim;Não;2;https://abrajof.com.br/;https://drive.google.com/drive/u/1/folders/1NU6_6vp2QSQg_-EYiuiJ3wxXKQwLZLaZ;Sim
O que é um guest post?;guest post;Conteudo de Parceiros;comprar backlinks brasileiros;https://seosemmitos.com.br/;Sim;;;;;;;https://drive.google.com/drive/u/1/folders/139pvU1RLMNpT72rH_a6darpz4YKMADjD;Sim;Não;3;https://affinia.com.br/;https://drive.google.com/drive/u/1/folders/1NU6_6vp2QSQg_-EYiuiJ3wxXKQwLZLaZ;Sim
Qual é a função do SEO no marketing digital?;seo;Conteudo de Parceiros;comprar backlinks brasileiros;https://seosemmitos.com.br/;Sim;;;;;;;https://drive.google.com/drive/u/1/folders/139pvU1RLMNpT72rH_a6darpz4YKMADjD;Sim;Não;3;https://agenciamana.com.br/;https://drive.google.com/drive/u/1/folders/1NU6_6vp2QSQg_-EYiuiJ3wxXKQwLZLaZ;Sim
Como deve ser um link?;link;Conteudo de Parceiros;comprar backlinks brasileiros;https://seosemmitos.com.br/;Sim;;;;;;;https://drive.google.com/drive/u/1/folders/139pvU1RLMNpT72rH_a6darpz4YKMADjD;Sim;Não;3;https://bandagentileza.com.br/;https://drive.google.com/drive/u/1/folders/1NU6_6vp2QSQg_-EYiuiJ3wxXKQwLZLaZ;Sim
Qual o melhor Verificador de link?;verificador de link;Conteudo de Parceiros;comprar backlinks brasileiros;https://seosemmitos.com.br/;Sim;;;;;;;https://drive.google.com/drive/u/1/folders/139pvU1RLMNpT72rH_a6darpz4YKMADjD;Sim;Não;4;https://boutiquedofeltro.com.br/;https://drive.google.com/drive/u/1/folders/1NU6_6vp2QSQg_-EYiuiJ3wxXKQwLZLaZ;Sim
Quais são as três principais características de um backlink de qualidade?;backlink de qualidade;Conteudo de Parceiros;comprar backlinks de autoridade;https://seosemmitos.com.br/;Sim;;;;;;;https://drive.google.com/drive/u/1/folders/139pvU1RLMNpT72rH_a6darpz4YKMADjD;Sim;Não;4;https://chicobruno.com.br/;https://drive.google.com/drive/u/1/folders/1NU6_6vp2QSQg_-EYiuiJ3wxXKQwLZLaZ;Sim
Como ver todos os links de um domínio?;links de um domínio;Conteudo de Parceiros;comprar backlinks de autoridade;https://seosemmitos.com.br/;Sim;;;;;;;https://drive.google.com/drive/u/1/folders/139pvU1RLMNpT72rH_a6darpz4YKMADjD;Sim;Não;4;https://conselhosdoheman.com.br/;https://drive.google.com/drive/u/1/folders/1NU6_6vp2QSQg_-EYiuiJ3wxXKQwLZLaZ;Sim
Quanto custa um backlink?;backlink;Conteudo de Parceiros;comprar backlinks de autoridade;https://seosemmitos.com.br/;Sim;;;;;;;https://drive.google.com/drive/u/1/folders/139pvU1RLMNpT72rH_a6darpz4YKMADjD;Sim;Não;5;https://crimecongress2010.com.br/;https://drive.google.com/drive/u/1/folders/1NU6_6vp2QSQg_-EYiuiJ3wxXKQwLZLaZ;Sim
Por que comprar backlinks?;comprar backlinks;Conteudo de Parceiros;comprar backlinks de autoridade;https://seosemmitos.com.br/;Sim;;;;;;;https://drive.google.com/drive/u/1/folders/139pvU1RLMNpT72rH_a6darpz4YKMADjD;Sim;Não;5;https://crmwebcloud.com.br/;https://drive.google.com/drive/u/1/folders/1NU6_6vp2QSQg_-EYiuiJ3wxXKQwLZLaZ;Sim
Quais os quatro tipos de links?;tipos de links;Conteudo de Parceiros;comprar links;https://seosemmitos.com.br/;Sim;;;;;;;https://drive.google.com/drive/u/1/folders/139pvU1RLMNpT72rH_a6darpz4YKMADjD;Sim;Não;5;https://dietaparaemagrecer.wiki.br/;https://drive.google.com/drive/u/1/folders/1NU6_6vp2QSQg_-EYiuiJ3wxXKQwLZLaZ;Sim
Como conseguir backlink grátis?;backlink grátis;Conteudo de Parceiros;comprar links;https://seosemmitos.com.br/;Sim;;;;;;;https://drive.google.com/drive/u/1/folders/139pvU1RLMNpT72rH_a6darpz4YKMADjD;Sim;Não;5;https://edukyou.com.br/;https://drive.google.com/drive/u/1/folders/1NU6_6vp2QSQg_-EYiuiJ3wxXKQwLZLaZ;Sim
Como colocar backlinks no site?;backlinks do site;Conteudo de Parceiros;comprar links;https://seosemmitos.com.br/;Sim;;;;;;;https://drive.google.com/drive/u/1/folders/139pvU1RLMNpT72rH_a6darpz4YKMADjD;Sim;Não;6;https://elojo.com.br/;https://drive.google.com/drive/u/1/folders/1NU6_6vp2QSQg_-EYiuiJ3wxXKQwLZLaZ;Sim
Como aumentar SEO?;seo;Conteudo de Parceiros;comprar links;https://seosemmitos.com.br/;Sim;;;;;;;https://drive.google.com/drive/u/1/folders/139pvU1RLMNpT72rH_a6darpz4YKMADjD;Sim;Não;6;https://emdiv.com.br/;https://drive.google.com/drive/u/1/folders/1NU6_6vp2QSQg_-EYiuiJ3wxXKQwLZLaZ;Sim
O que é backlinks no site?;backlinks do site;Conteudo de Parceiros;comprar links;https://seosemmitos.com.br/;Sim;;;;;;;https://drive.google.com/drive/u/1/folders/139pvU1RLMNpT72rH_a6darpz4YKMADjD;Sim;Não;6;https://fazersitecompracoletiva.com.br/;https://drive.google.com/drive/u/1/folders/1NU6_6vp2QSQg_-EYiuiJ3wxXKQwLZLaZ;Sim
Como trabalhar gerando link?;gerando link;Conteudo de Parceiros;comprar links;https://seosemmitos.com.br/;Sim;;;;;;;https://drive.google.com/drive/u/1/folders/139pvU1RLMNpT72rH_a6darpz4YKMADjD;Sim;Não;6;https://gerenciandoblog.com.br/;https://drive.google.com/drive/u/1/folders/1NU6_6vp2QSQg_-EYiuiJ3wxXKQwLZLaZ;Sim
O que é Linkbuilder?;linkbuilder;Conteudo de Parceiros;seo sem mitos;https://seosemmitos.com.br/;Sim;;;;;;;https://drive.google.com/drive/u/1/folders/139pvU1RLMNpT72rH_a6darpz4YKMADjD;Sim;Não;7;https://gsvlabs.com.br/;https://drive.google.com/drive/u/1/folders/1NU6_6vp2QSQg_-EYiuiJ3wxXKQwLZLaZ;Sim
Qual o melhor agregador de links?;agregador de links;Conteudo de Parceiros;SEO Sem Mitos;https://seosemmitos.com.br/;Sim;;;;;;;https://drive.google.com/drive/u/1/folders/139pvU1RLMNpT72rH_a6darpz4YKMADjD;Sim;Não;7;https://hospedagemdesites.wiki.br/;https://drive.google.com/drive/u/1/folders/1NU6_6vp2QSQg_-EYiuiJ3wxXKQwLZLaZ;Sim
Qual o melhor site para fazer links?;fazer links;Conteudo de Parceiros;SEO Sem Mitos;https://seosemmitos.com.br/;Sim;;;;;;;https://drive.google.com/drive/u/1/folders/139pvU1RLMNpT72rH_a6darpz4YKMADjD;Sim;Não;7;https://lk6web.com.br/;https://drive.google.com/drive/u/1/folders/1NU6_6vp2QSQg_-EYiuiJ3wxXKQwLZLaZ;Sim
Tem Linktree em português?;linktree;Conteudo de Parceiros;SEO Sem Mitos;https://seosemmitos.com.br/;Sim;;;;;;;https://drive.google.com/drive/u/1/folders/139pvU1RLMNpT72rH_a6darpz4YKMADjD;Sim;Não;7;https://mepassaai.com.br/;https://drive.google.com/drive/u/1/folders/1NU6_6vp2QSQg_-EYiuiJ3wxXKQwLZLaZ;Sim
Quanto cobrar para criar um Linktree?;comprar backlinks;Conteudo de Parceiros;SEO Sem Mitos;https://seosemmitos.com.br/;Sim;;;;;;;https://drive.google.com/drive/u/1/folders/139pvU1RLMNpT72rH_a6darpz4YKMADjD;Sim;Não;8;https://mestreandroid.com.br/;https://drive.google.com/drive/u/1/folders/1NU6_6vp2QSQg_-EYiuiJ3wxXKQwLZLaZ;Sim
Qual o maior salário do marketing digital?;comprar backlinks;Conteudo de Parceiros;seosemmitos.com.br;https://seosemmitos.com.br/;Sim;;;;;;;https://drive.google.com/drive/u/1/folders/139pvU1RLMNpT72rH_a6darpz4YKMADjD;Sim;Não;8;https://odeiodivida.com.br/;https://drive.google.com/drive/u/1/folders/1NU6_6vp2QSQg_-EYiuiJ3wxXKQwLZLaZ;Sim
Quanto ganha um SEO Sênior?;comprar backlinks;Conteudo de Parceiros;seosemmitos.com.br;https://seosemmitos.com.br/;Sim;;;;;;;https://drive.google.com/drive/u/1/folders/139pvU1RLMNpT72rH_a6darpz4YKMADjD;Sim;Não;8;https://oregonscientific.com.br/;https://drive.google.com/drive/u/1/folders/1NU6_6vp2QSQg_-EYiuiJ3wxXKQwLZLaZ;Sim
O que é o tráfego pago?;comprar backlinks;Conteudo de Parceiros;seosemmitos.com.br;https://seosemmitos.com.br/;Sim;;;;;;;https://drive.google.com/drive/u/1/folders/139pvU1RLMNpT72rH_a6darpz4YKMADjD;Sim;Não;8;https://premioportugaltelecom.com.br/;https://drive.google.com/drive/u/1/folders/1NU6_6vp2QSQg_-EYiuiJ3wxXKQwLZLaZ;Sim
O que é um guest blogging?;comprar backlinks;Conteudo de Parceiros;seosemmitos.com.br;https://seosemmitos.com.br/;Sim;;;;;;;https://drive.google.com/drive/u/1/folders/139pvU1RLMNpT72rH_a6darpz4YKMADjD;Sim;Não;9;https://sapiensolutions.com.br/;https://drive.google.com/drive/u/1/folders/1NU6_6vp2QSQg_-EYiuiJ3wxXKQwLZLaZ;Sim
Como fazer um guest post?;comprar backlinks;Conteudo de Parceiros;seosemmitos.com.br;https://seosemmitos.com.br/;Sim;;;;;;;https://drive.google.com/drive/u/1/folders/139pvU1RLMNpT72rH_a6darpz4YKMADjD;Sim;Não;9;https://sexyit.com.br/;https://drive.google.com/drive/u/1/folders/1NU6_6vp2QSQg_-EYiuiJ3wxXKQwLZLaZ;Sim
O que fazer para o link ficar azul?;comprar backlinks;Conteudo de Parceiros;seosemmitos.com.br;https://seosemmitos.com.br/;Sim;;;;;;;https://drive.google.com/drive/u/1/folders/139pvU1RLMNpT72rH_a6darpz4YKMADjD;Sim;Não;9;https://sirss.com.br/;https://drive.google.com/drive/u/1/folders/1NU6_6vp2QSQg_-EYiuiJ3wxXKQwLZLaZ;Sim
Qual é a diferença entre link e URL?;comprar backlinks;Conteudo de Parceiros;www.seosemmitos.com.br;https://seosemmitos.com.br/;Sim;;;;;;;https://drive.google.com/drive/u/1/folders/139pvU1RLMNpT72rH_a6darpz4YKMADjD;Sim;Não;9;https://theatronetsaopaulo.com.br/;https://drive.google.com/drive/u/1/folders/1NU6_6vp2QSQg_-EYiuiJ3wxXKQwLZLaZ;Sim
Como conseguir backlinks qualidade?;comprar backlinks;Conteudo de Parceiros;www.seosemmitos.com.br;https://seosemmitos.com.br/;Sim;;;;;;;https://drive.google.com/drive/u/1/folders/139pvU1RLMNpT72rH_a6darpz4YKMADjD;Sim;Não;10;https://tonigarrido.com.br/;https://drive.google.com/drive/u/1/folders/1NU6_6vp2QSQg_-EYiuiJ3wxXKQwLZLaZ;Sim
Quanto cobrar para fazer SEO de um site?;comprar backlinks;Conteudo de Parceiros;www.seosemmitos.com.br;https://seosemmitos.com.br/;Sim;;;;;;;https://drive.google.com/drive/u/1/folders/139pvU1RLMNpT72rH_a6darpz4YKMADjD;Sim;Não;10;https://usesempre.com.br/;https://drive.google.com/drive/u/1/folders/1NU6_6vp2QSQg_-EYiuiJ3wxXKQwLZLaZ;Sim
Quanto cobrar por um projeto de SEO?;comprar backlinks;Conteudo de Parceiros;www.seosemmitos.com.br;https://seosemmitos.com.br/;Sim;;;;;;;https://drive.google.com/drive/u/1/folders/139pvU1RLMNpT72rH_a6darpz4YKMADjD;Sim;Não;10;https://vocca.com.br/;https://drive.google.com/drive/u/1/folders/1NU6_6vp2QSQg_-EYiuiJ3wxXKQwLZLaZ;Sim
Como faço para criar uma URL?;comprar backlinks;Conteudo de Parceiros;investir em backlinks;https://seosemmitos.com.br/;Sim;;;;;;;https://drive.google.com/drive/u/1/folders/139pvU1RLMNpT72rH_a6darpz4YKMADjD;Sim;Não;11;https://webtrends.net.br/;https://drive.google.com/drive/u/1/folders/1NU6_6vp2QSQg_-EYiuiJ3wxXKQwLZLaZ;Sim
Como fazer link em HTML?;comprar backlinks;Conteudo de Parceiros;investir em link;https://seosemmitos.com.br/;Sim;;;;;;;https://drive.google.com/drive/u/1/folders/139pvU1RLMNpT72rH_a6darpz4YKMADjD;Sim;Não;11;https://xadrezregional.com.br/;https://drive.google.com/drive/u/1/folders/1NU6_6vp2QSQg_-EYiuiJ3wxXKQwLZLaZ;Sim
Como criar um link interno?;comprar backlinks;Conteudo de Parceiros;investir em links;https://seosemmitos.com.br/;Sim;;;;;;;https://drive.google.com/drive/u/1/folders/139pvU1RLMNpT72rH_a6darpz4YKMADjD;Sim;Não;11;https://revista.vocca.com.br/;https://drive.google.com/drive/u/1/folders/1NU6_6vp2QSQg_-EYiuiJ3wxXKQwLZLaZ;Sim
Quantos backlinks?;comprar backlinks;Conteudo de Parceiros;investimento em backlinks;https://seosemmitos.com.br/;Sim;;;;;;;https://drive.google.com/drive/u/1/folders/139pvU1RLMNpT72rH_a6darpz4YKMADjD;Sim;Não;11;https://revista.usevitae.com.br/;https://drive.google.com/drive/u/1/folders/1NU6_6vp2QSQg_-EYiuiJ3wxXKQwLZLaZ;Sim
Como remover backlinks?;comprar backlinks;Conteudo de Parceiros;investimento em link building;https://seosemmitos.com.br/;Sim;;;;;;;https://drive.google.com/drive/u/1/folders/139pvU1RLMNpT72rH_a6darpz4YKMADjD;Sim;Não;12;https://revista.vaidetenis.com.br/;https://drive.google.com/drive/u/1/folders/1NU6_6vp2QSQg_-EYiuiJ3wxXKQwLZLaZ;Sim
O que são links relevantes?;comprar backlinks;Conteudo de Parceiros;investir em link building;https://seosemmitos.com.br/;Sim;;;;;;;https://drive.google.com/drive/u/1/folders/139pvU1RLMNpT72rH_a6darpz4YKMADjD;Sim;Não;12;https://marketing.webtrends.net.br/;https://drive.google.com/drive/u/1/folders/1NU6_6vp2QSQg_-EYiuiJ3wxXKQwLZLaZ;Sim
Quais os quatro tipos de links?;comprar backlinks;Conteudo de Parceiros;backlinks;https://seosemmitos.com.br/;Sim;;;;;;;https://drive.google.com/drive/u/1/folders/139pvU1RLMNpT72rH_a6darpz4YKMADjD;Sim;Não;12;https://ablehealthcare.com.br/;https://drive.google.com/drive/u/1/folders/1NU6_6vp2QSQg_-EYiuiJ3wxXKQwLZLaZ;Sim
Como saber a relevância de um site?;comprar backlinks;Conteudo de Parceiros;compra de backlinks;https://seosemmitos.com.br/;Sim;;;;;;;https://drive.google.com/drive/u/1/folders/139pvU1RLMNpT72rH_a6darpz4YKMADjD;Sim;Não;13;https://editorakazua.com.br/;https://drive.google.com/drive/u/1/folders/1NU6_6vp2QSQg_-EYiuiJ3wxXKQwLZLaZ;Sim
O que são os links permanentes escolha uma?;comprar backlinks;Conteudo de Parceiros;backlinks para sites;https://seosemmitos.com.br/;Sim;;;;;;;https://drive.google.com/drive/u/1/folders/139pvU1RLMNpT72rH_a6darpz4YKMADjD;Sim;Não;13;https://todoscomanota.com.br/;https://drive.google.com/drive/u/1/folders/1NU6_6vp2QSQg_-EYiuiJ3wxXKQwLZLaZ;Sim
Por que comprar backlinks?;comprar backlinks;Conteudo de Parceiros;backlink para seu site;https://seosemmitos.com.br/;Sim;;;;;;;https://drive.google.com/drive/u/1/folders/139pvU1RLMNpT72rH_a6darpz4YKMADjD;Sim;Não;13;https://letuce.com.br/;https://drive.google.com/drive/u/1/folders/1NU6_6vp2QSQg_-EYiuiJ3wxXKQwLZLaZ;Sim
Para que servem os backlinks?;comprar backlinks;Conteudo de Parceiros;bons backlinks;https://seosemmitos.com.br/;Sim;;;;;;;https://drive.google.com/drive/u/1/folders/139pvU1RLMNpT72rH_a6darpz4YKMADjD;Sim;Não;13;https://puraeco.com.br/;https://drive.google.com/drive/u/1/folders/1NU6_6vp2QSQg_-EYiuiJ3wxXKQwLZLaZ;Sim
Como colocar backlinks no site?;comprar backlinks;Conteudo de Parceiros;backlinks com tráfego;https://seosemmitos.com.br/;Sim;;;;;;;https://drive.google.com/drive/u/1/folders/139pvU1RLMNpT72rH_a6darpz4YKMADjD;Sim;Não;14;https://tenhaborogodo.com.br/;https://drive.google.com/drive/u/1/folders/1NU6_6vp2QSQg_-EYiuiJ3wxXKQwLZLaZ;Sim
Quanto custa um backlink?;comprar backlinks;Conteudo de Parceiros;gerar autoridade;https://seosemmitos.com.br/;Sim;;;;;;;https://drive.google.com/drive/u/1/folders/139pvU1RLMNpT72rH_a6darpz4YKMADjD;Sim;Não;14;https://toyacom.com.br/;https://drive.google.com/drive/u/1/folders/1NU6_6vp2QSQg_-EYiuiJ3wxXKQwLZLaZ;Sim
Qual o melhor Verificador de Link?;comprar backlinks;Conteudo de Parceiros;backlinks de autoridade;https://seosemmitos.com.br/;Sim;;;;;;;https://drive.google.com/drive/u/1/folders/139pvU1RLMNpT72rH_a6darpz4YKMADjD;Sim;Não;14;https://andareparticipacoes.com.br;https://drive.google.com/drive/u/1/folders/1NU6_6vp2QSQg_-EYiuiJ3wxXKQwLZLaZ;Sim
Como saber quantas pessoas entraram no link?;comprar backlinks;Conteudo de Parceiros;seosemmitos.com.br;https://seosemmitos.com.br/;Sim;;;;;;;https://drive.google.com/drive/u/1/folders/139pvU1RLMNpT72rH_a6darpz4YKMADjD;Sim;Não;14;https://campanhasetembroverde.com.br/;https://drive.google.com/drive/u/1/folders/1NU6_6vp2QSQg_-EYiuiJ3wxXKQwLZLaZ;Sim
Como criar links internos no Wordpress?;comprar backlinks;Conteudo de Parceiros;comprar backlink;https://seosemmitos.com.br/;Sim;;;;;;;https://drive.google.com/drive/u/1/folders/139pvU1RLMNpT72rH_a6darpz4YKMADjD;Sim;Não;15;https://docslide.com.br/;https://drive.google.com/drive/u/1/folders/1NU6_6vp2QSQg_-EYiuiJ3wxXKQwLZLaZ;Sim
Como criar uma âncora em HTML?;comprar backlinks;Conteudo de Parceiros;comprar backlinks;https://seosemmitos.com.br/;Sim;;;;;;;https://drive.google.com/drive/u/1/folders/139pvU1RLMNpT72rH_a6darpz4YKMADjD;Sim;Não;15;https://industriahoje.com.br/;https://drive.google.com/drive/u/1/folders/1NU6_6vp2QSQg_-EYiuiJ3wxXKQwLZLaZ;Sim
O que é um link interno?;comprar backlinks;Conteudo de Parceiros;comprar backlinks;https://seosemmitos.com.br/;Sim;;;;;;;https://drive.google.com/drive/u/1/folders/139pvU1RLMNpT72rH_a6darpz4YKMADjD;Sim;Não;16;https://oatlanticoweb.com.br/;https://drive.google.com/drive/u/1/folders/1NU6_6vp2QSQg_-EYiuiJ3wxXKQwLZLaZ;Sim
O que são sites externos?;comprar backlinks;Conteudo de Parceiros;comprar backlinks;https://seosemmitos.com.br/;Sim;;;;;;;https://drive.google.com/drive/u/1/folders/139pvU1RLMNpT72rH_a6darpz4YKMADjD;Sim;Não;16;https://dilma13.com.br/;https://drive.google.com/drive/u/1/folders/1NU6_6vp2QSQg_-EYiuiJ3wxXKQwLZLaZ;Sim
O que é um link externo?;comprar backlinks;Conteudo de Parceiros;comprar backlinks;https://seosemmitos.com.br/;Sim;;;;;;;https://drive.google.com/drive/u/1/folders/139pvU1RLMNpT72rH_a6darpz4YKMADjD;Sim;Não;16;https://centraldancadoventre.com.br/;https://drive.google.com/drive/u/1/folders/1NU6_6vp2QSQg_-EYiuiJ3wxXKQwLZLaZ;Sim
O que é link âncora WordPress?;comprar backlinks;Conteudo de Parceiros;comprar backlinks;https://seosemmitos.com.br/;Sim;;;;;;;https://drive.google.com/drive/u/1/folders/139pvU1RLMNpT72rH_a6darpz4YKMADjD;Sim;Não;16;https://enjoyrio.com.br/;https://drive.google.com/drive/u/1/folders/1NU6_6vp2QSQg_-EYiuiJ3wxXKQwLZLaZ;Sim
Como ajustar a URL de um site feito no WordPress?;comprar backlinks;Conteudo de Parceiros;comprar backlinks;https://seosemmitos.com.br/;Sim;;;;;;;https://drive.google.com/drive/u/1/folders/139pvU1RLMNpT72rH_a6darpz4YKMADjD;Sim;Não;17;https://masterzconcursos.com.br/;https://drive.google.com/drive/u/1/folders/1NU6_6vp2QSQg_-EYiuiJ3wxXKQwLZLaZ;Sim
Como mudar a URL do meu site no WordPress?;comprar backlinks;Conteudo de Parceiros;comprar backlinks;https://seosemmitos.com.br/;Sim;;;;;;;https://drive.google.com/drive/u/1/folders/139pvU1RLMNpT72rH_a6darpz4YKMADjD;Sim;Não;17;https://substantivoplural.com.br/;https://drive.google.com/drive/u/1/folders/1NU6_6vp2QSQg_-EYiuiJ3wxXKQwLZLaZ;Sim
O que é um link de saída?;comprar backlinks;Conteudo de Parceiros;comprar backlinks;https://seosemmitos.com.br/;Sim;;;;;;;https://drive.google.com/drive/u/1/folders/139pvU1RLMNpT72rH_a6darpz4YKMADjD;Sim;Não;17;https://teatropetragold.com.br/;https://drive.google.com/drive/u/1/folders/1NU6_6vp2QSQg_-EYiuiJ3wxXKQwLZLaZ;Sim
Qual é a diferença entre link e URL?;comprar backlinks;Conteudo de Parceiros;comprar backlinks;https://seosemmitos.com.br/;Sim;;;;;;;https://drive.google.com/drive/u/1/folders/139pvU1RLMNpT72rH_a6darpz4YKMADjD;Sim;Não;17;https://verbo21.com.br/;https://drive.google.com/drive/u/1/folders/1NU6_6vp2QSQg_-EYiuiJ3wxXKQwLZLaZ;Sim
Como ter um link de WhatsApp?;comprar backlinks;Conteudo de Parceiros;comprar backlinks;https://seosemmitos.com.br/;Sim;;;;;;;https://drive.google.com/drive/u/1/folders/139pvU1RLMNpT72rH_a6darpz4YKMADjD;Sim;Não;18;https://adrenanews.com.br/;https://drive.google.com/drive/u/1/folders/1NU6_6vp2QSQg_-EYiuiJ3wxXKQwLZLaZ;Sim
O que é link interno e externo?;comprar backlinks;Conteudo de Parceiros;comprar backlinks;https://seosemmitos.com.br/;Sim;;;;;;;https://drive.google.com/drive/u/1/folders/139pvU1RLMNpT72rH_a6darpz4YKMADjD;Sim;Não;18;https://wpmania.com.br/;https://drive.google.com/drive/u/1/folders/1NU6_6vp2QSQg_-EYiuiJ3wxXKQwLZLaZ;Sim
Como ligar as páginas no WordPress?;comprar backlinks;Conteudo de Parceiros;comprar backlinks;https://seosemmitos.com.br/;Sim;;;;;;;https://drive.google.com/drive/u/1/folders/139pvU1RLMNpT72rH_a6darpz4YKMADjD;Sim;Não;18;https://amigosdoforum.com.br/;https://drive.google.com/drive/u/1/folders/1NU6_6vp2QSQg_-EYiuiJ3wxXKQwLZLaZ;Sim
O que é âncora em HTML?;comprar backlinks;Conteudo de Parceiros;comprar backlinks;https://seosemmitos.com.br/;Sim;;;;;;;https://drive.google.com/drive/u/1/folders/139pvU1RLMNpT72rH_a6darpz4YKMADjD;Sim;Não;18;https://brasilmetropole.com.br/;https://drive.google.com/drive/u/1/folders/1NU6_6vp2QSQg_-EYiuiJ3wxXKQwLZLaZ;Sim
O que é uma âncora no Wix?;comprar backlinks;Conteudo de Parceiros;comprar backlinks;https://seosemmitos.com.br/;Sim;;;;;;;https://drive.google.com/drive/u/1/folders/139pvU1RLMNpT72rH_a6darpz4YKMADjD;Sim;Não;19;https://tableless.com.br/;https://drive.google.com/drive/u/1/folders/1NU6_6vp2QSQg_-EYiuiJ3wxXKQwLZLaZ;Sim
